{"cameraMode":{"drawMode":0,"name":"Shaded","section":"Shading Mode"},"sceneLighting":false,"audioPlay":false,"sceneViewState":{"m_AlwaysRefresh":false,"showFog":true,"showSkybox":false,"showFlares":true,"showImageEffects":true,"showParticleSystems":true,"showVisualEffectGraphs":true,"m_FxEnabled":true},"in2DMode":false,"pivot":{"x":1.7881393432617188e-7,"y":0.26007625460624697,"z":0.004851639270782471},"rotation":{"x":0.002767660189419985,"y":0.988336980342865,"z":-0.1512024700641632,"w":0.0180889293551445},"size":1.3378218412399293,"orthographic":false}